index,scheme_with_verdict,scheme_without_verdict,changed,rationale_with,rationale_without
9,Appeal to Emotion (Ad Hominem),Appeal to Emotion (Ad Hominem),False,"Scheme: Appeal to Emotion (Ad Hominem)

Rationale: The text snippet is an appeal to emotion, specifically an ad hominem fallacy, as it attempts to shift the focus from the argument at hand to the emotional state of the person making the argument. The phrase ""NAH"" and the statement ""It's very difficult when someone you love suffers from mental illness"" are meant to evoke an emotional response rather than engage with the argument. The speaker is trying to create an emotional connection with the audience rather than provide a logical or evidence-based response to the original argument.","Scheme: Appeal to Emotion (Ad Hominem)

Rationale: The text snippet appears to be an appeal to emotion, specifically an ad hominem attack. The speaker is diverting attention away from the issue at hand (the verdict) and instead focusing on their personal emotional experience of having a loved one with mental illness. This is an attempt to elicit an emotional response from the audience, rather than engaging with the argument or evidence presented. By doing so, the speaker is attempting to discredit the opposing viewpoint without addressing its merits."
12,The Appeal to Expert Opinion,Appeal to Consequences,True,"Scheme: The Appeal to Expert Opinion

Rationale: The text snippet appeals to the audience's understanding of what a ""good"" parent should be, by stating that no parent is a professional and that it's okay to ask for help. The author is acknowledging that they are not an expert, but rather a parent who has gone through a similar situation, and is sharing their personal experience and perspective. This is an appeal to the audience's understanding of what constitutes good parenting, and is an attempt to persuade the audience that seeking help is a normal and acceptable part of the parenting process.","Scheme: Appeal to Consequences

Rationale: The text appeals to the consequences of not seeking help for the child, implying that if the child is not helped, it may lead to negative outcomes. The author suggests that the child may make mistakes and poor decisions, and that the parents' failure to seek help may result in the child's well-being being compromised. The author also implies that the parents' failure to seek help may reflect poorly on them as parents, which is a consequence they may want to avoid. This appeal to consequences is a common argumentation scheme used to persuade others to take a particular course of action."
14,"Text: ""NTA""","Text: ""VERDICT REMOVED""",True,"Text: ""NTA""

Scheme: Ad Hominem

Rationale: The text ""NTA"" is likely being used as a shorthand for ""Not The Argument"", implying that the opponent's argument is being dismissed or ignored because of some perceived flaw or weakness in the opponent themselves, rather than addressing the argument's merits. This is a classic example of the Ad Hominem fallacy, where an argument is rejected because of some personal characteristic or attack on the opponent's character, rather than engaging with the substance of the argument.","Text: ""[VERDICT REMOVED]""

Scheme: Ad Hominem

Rationale: The text appears to be an attack on the credibility of the opposing party, rather than addressing the argument itself. The phrase ""[VERDICT REMOVED]"" suggests that the speaker is trying to discredit the opposing party by implying that they have been found guilty or have a questionable reputation. This is a classic example of an Ad Hominem attack, which involves attacking the character or reputation of the opposing party rather than addressing the argument itself."
30,Appeal to the Consequences of a Premise,The Appeal to Common Ground,True,"Scheme: Appeal to the Consequences of a Premise

Rationale: The text is analyzing the situation and the language used by the person (NTA) in terms of its potential consequences. The author is considering the implications of NTA's actions and words, such as ""dropping the L bomb"" (i.e., saying ""I love you""), and evaluating whether it is a reasonable or respectful move. The author is also considering the potential reactions of others, such as ""most potential partners,"" and how they might view NTA's actions. This type of analysis is characteristic of the Appeal to the Consequences of a Premise scheme, which involves evaluating the potential outcomes or consequences of a particular action or decision.","Scheme: The Appeal to Common Ground

Rationale: The text is analyzing a situation where someone is expressing strong emotions and making a significant commitment, and the author is trying to find a way to understand and reconcile the situation. The author suggests that the person's language may be an attempt to fill a physical void, implying that there is a lack of physical intimacy in the relationship. The author is trying to find common ground between the two parties by acknowledging the potential partner's perspective and suggesting that they may be happy with the level of commitment. The author is also emphasizing the importance of respecting each other's views, which is a key aspect of the Appeal to Common Ground scheme."
32,Appeal to the Consequences of an Action,Appeal to Good Sense,True,"Scheme: Appeal to the Consequences of an Action

Rationale: The text is urging the person to try bargaining with the child to get them to eat a little bit, citing the consequence of not eating as a negative outcome. The speaker is appealing to the consequences of not eating, implying that it would be unhealthy for the child, and thus, the speaker is encouraging the person to take action to avoid this negative outcome. This is an example of an Appeal to the Consequences of an Action, as the speaker is using the potential consequences of not eating to persuade the person to take a particular action.","Scheme: Appeal to Good Sense

Rationale: The text is appealing to the reader's good sense by acknowledging that the reader is acting in the best interest of the child, and then offering a practical solution to a common problem. The phrase ""You're just doing what you think will be healthiest for the child"" is an appeal to the reader's good sense, as it assumes that the reader is motivated by a desire to do what is best for the child. The subsequent suggestion to ""try bargaining with her and see if you can at least get her to eat a little bit"" is a practical and reasonable solution that is likely to resonate with the reader's good sense."
35,The Scheme of Appeal to Shared Values,The Scheme of Appeal to Shared Values,False,"Scheme: The Scheme of Appeal to Shared Values

Rationale: The text snippet is an example of the Scheme of Appeal to Shared Values, as the speaker is attempting to persuade the audience by appealing to shared values and emotions. The speaker starts by expressing empathy and understanding, stating that they ""don't really blame"" the person being addressed (OP) for their actions. The speaker then shares a personal anecdote about being in a similar situation, which creates a sense of shared experience and understanding.

The speaker then appeals to the audience's values by highlighting the importance of kindness, compassion, and understanding. They praise OP for ""caring enough to feed Chris"" and for not having to, but choosing to do so. The speaker also expresses concern for","Scheme: The Scheme of Appeal to Shared Values

Rationale: The text snippet is an example of the Scheme of Appeal to Shared Values, as the speaker is attempting to persuade the audience by appealing to shared values and emotions. The speaker starts by expressing their own uncertainty and empathy, which creates a sense of rapport with the audience. Then, they use rhetorical questions and hypothetical scenarios to highlight the potential consequences of the audience's actions, appealing to their sense of morality and compassion. The speaker also uses personal anecdotes and emotional language to create a sense of shared experience and understanding. By doing so, the speaker is attempting to influence the audience's decision-making process by appealing to their shared values and emotions, rather than relying solely on logical or factual arguments."
48,"Text: ""NTA""","Text: ""VERDICT REMOVED""",True,"Text: ""NTA""

Scheme: Ad Hominem

Rationale: The text ""NTA"" is likely being used as a shorthand for ""Not The Argument"", implying that the opponent's argument is being dismissed or ignored because of some perceived flaw or weakness in the opponent themselves, rather than addressing the argument's merits. This is a classic example of the Ad Hominem fallacy, where an argument is rejected because of some personal characteristic or attack on the opponent's character, rather than engaging with the substance of the argument.","Text: ""[VERDICT REMOVED]""

Scheme: Ad Hominem

Rationale: The text appears to be an attack on the credibility of the opposing party, rather than addressing the argument itself. The phrase ""[VERDICT REMOVED]"" suggests that the speaker is trying to discredit the opposing party by implying that they have been found guilty or have a questionable reputation. This is a classic example of an Ad Hominem attack, which involves attacking the character or reputation of the opposing party rather than addressing the argument itself."
